<?xml version="1.0" encoding="UTF-8"?>
<!DOCTYPE codetemplates PUBLIC "-//NetBeans//DTD Editor Code Templates settings 1.0//EN" "http://www.netbeans.org/dtds/EditorCodeTemplates-1_0.dtd">
<codetemplates>
    <codetemplate abbreviation="scriptcrud" xml:space="preserve">
        <code><![CDATA[<!-- ${resource} -->
<script src="app/services/${resource}.service.js"></script>
<script src="app/${subfolder}/${resource}.controller.js"></script>   
<script src="app/${subfolder}/${resource}.edit.controller.js"></script>   
<!-- /${resource} -->]]></code>
    </codetemplate>
</codetemplates>
